{"graph": {"_type": "graph-file", "sha256": "5d4e51ef1ec5f9aba582eb34c8e4e76f15548e97fdf88c28411b3f297b45023a", "size": 1286, "path": "media/graph/graph_summary_5d4e51ef1ec5f9aba582.graph.json"}, "epoch": 0, "_timestamp": 1702664591.4322913, "loss": 0.5331764817237854, "accuracy": 0.8322435617446899, "val_loss": 0.381286084651947, "val_accuracy": 0.83623206615448, "_runtime": 41.37805223464966, "_step": 0, "best_val_loss": 0.381286084651947, "best_epoch": 0}