{"graph": {"_type": "graph-file", "sha256": "5d4e51ef1ec5f9aba582eb34c8e4e76f15548e97fdf88c28411b3f297b45023a", "size": 1286, "path": "media/graph/graph_summary_5d4e51ef1ec5f9aba582.graph.json"}, "epoch": 9, "_timestamp": 1702660743.9187617, "loss": 108.64508056640625, "accuracy": 0.7085567116737366, "val_loss": 1.1730775833129883, "val_accuracy": 0.7079464793205261, "_runtime": 414.4854636192322, "_step": 9, "best_val_loss": 0.9555418491363525, "best_epoch": 5, "_wandb": {"runtime": 413}}