{"graph": {"_type": "graph-file", "sha256": "5d4e51ef1ec5f9aba582eb34c8e4e76f15548e97fdf88c28411b3f297b45023a", "size": 1286, "path": "media/graph/graph_summary_5d4e51ef1ec5f9aba582.graph.json"}, "epoch": 9, "_timestamp": 1702660316.74501, "loss": 0.8196617960929871, "accuracy": 0.7418050765991211, "val_loss": 1.1687320470809937, "val_accuracy": 0.7555904388427734, "_runtime": 318.3492019176483, "_step": 9, "best_val_loss": 1.0035408735275269, "best_epoch": 5, "_wandb": {"runtime": 317}}