{"graph": {"_type": "graph-file", "sha256": "5d4e51ef1ec5f9aba582eb34c8e4e76f15548e97fdf88c28411b3f297b45023a", "size": 1286, "path": "media/graph/graph_summary_5d4e51ef1ec5f9aba582.graph.json"}, "epoch": 9, "_timestamp": 1702661413.520043, "loss": 0.8518455624580383, "accuracy": 0.7264068722724915, "val_loss": 1.1794075965881348, "val_accuracy": 0.5350682139396667, "_runtime": 244.81070590019226, "_step": 9, "best_val_loss": 0.4746611416339874, "best_epoch": 0, "_wandb": {"runtime": 242}}