{"graph": {"_type": "graph-file", "sha256": "5d4e51ef1ec5f9aba582eb34c8e4e76f15548e97fdf88c28411b3f297b45023a", "size": 1286, "path": "media/graph/graph_summary_5d4e51ef1ec5f9aba582.graph.json"}, "epoch": 9, "_timestamp": 1702662084.6318917, "loss": NaN, "accuracy": 0.5355150103569031, "val_loss": NaN, "val_accuracy": 0.5350682139396667, "_runtime": 317.4093418121338, "_step": 9, "_wandb": {"runtime": 316}}