{"graph": {"_type": "graph-file", "sha256": "5d4e51ef1ec5f9aba582eb34c8e4e76f15548e97fdf88c28411b3f297b45023a", "size": 1286, "path": "media/graph/graph_summary_5d4e51ef1ec5f9aba582.graph.json"}, "epoch": 9, "_timestamp": 1702663218.8301008, "loss": 0.3436877131462097, "accuracy": 0.8519353866577148, "val_loss": 0.3680444061756134, "val_accuracy": 0.84272700548172, "_runtime": 262.8849587440491, "_step": 9, "best_val_loss": 0.34331563115119934, "best_epoch": 7, "_wandb": {"runtime": 261}}