{"graph": {"_type": "graph-file", "sha256": "5d4e51ef1ec5f9aba582eb34c8e4e76f15548e97fdf88c28411b3f297b45023a", "size": 1286, "path": "media/graph/graph_summary_5d4e51ef1ec5f9aba582.graph.json"}, "epoch": 9, "_timestamp": 1702661155.2271461, "loss": 0.3248206675052643, "accuracy": 0.8554335236549377, "val_loss": 0.3527679443359375, "val_accuracy": 0.8125626444816589, "_runtime": 395.4795632362366, "_step": 9, "best_val_loss": 0.2974044382572174, "best_epoch": 6, "_wandb": {"runtime": 393}}