{"graph": {"_type": "graph-file", "sha256": "5d4e51ef1ec5f9aba582eb34c8e4e76f15548e97fdf88c28411b3f297b45023a", "size": 1286, "path": "media/graph/graph_summary_5d4e51ef1ec5f9aba582.graph.json"}, "epoch": 9, "_timestamp": 1702659978.0613441, "loss": 0.7076012492179871, "accuracy": 0.7338716983795166, "val_loss": 0.8806512951850891, "val_accuracy": 0.539209246635437, "_runtime": 414.85748314857483, "_step": 9, "best_val_loss": 0.8012459874153137, "best_epoch": 7, "_wandb": {"runtime": 413}}