{"graph": {"_type": "graph-file", "sha256": "5d4e51ef1ec5f9aba582eb34c8e4e76f15548e97fdf88c28411b3f297b45023a", "size": 1286, "path": "media/graph/graph_summary_5d4e51ef1ec5f9aba582.graph.json"}, "epoch": 9, "_timestamp": 1702664033.2171638, "loss": 0.30093759298324585, "accuracy": 0.866570770740509, "val_loss": 0.3456982374191284, "val_accuracy": 0.8638246059417725, "_runtime": 248.58943891525269, "_step": 9, "best_val_loss": 0.24785912036895752, "best_epoch": 7, "_wandb": {"runtime": 247}}