{"graph": {"_type": "graph-file", "sha256": "095cba716681167bf179ef1a29cf629d03255c4072268eac2b1196f964f4d60b", "size": 1296, "path": "media/graph/graph_summary_095cba716681167bf179.graph.json"}, "epoch": 2, "_timestamp": 1702659032.4651597, "loss": NaN, "accuracy": 0.5326178669929504, "val_loss": NaN, "val_accuracy": 0.538027286529541, "_runtime": 987.2648637294769, "_step": 2, "_wandb": {"runtime": 1071}}