{"graph": {"_type": "graph-file", "sha256": "5d4e51ef1ec5f9aba582eb34c8e4e76f15548e97fdf88c28411b3f297b45023a", "size": 1286, "path": "media/graph/graph_summary_5d4e51ef1ec5f9aba582.graph.json"}, "epoch": 9, "_timestamp": 1702664535.3466408, "loss": 0.14429226517677307, "accuracy": 0.9025761485099792, "val_loss": 0.12044818699359894, "val_accuracy": 0.9085044264793396, "_runtime": 254.7136459350586, "_step": 9, "best_val_loss": 0.10475058108568192, "best_epoch": 5, "_wandb": {"runtime": 253}}