{"graph": {"_type": "graph-file", "sha256": "5d4e51ef1ec5f9aba582eb34c8e4e76f15548e97fdf88c28411b3f297b45023a", "size": 1286, "path": "media/graph/graph_summary_5d4e51ef1ec5f9aba582.graph.json"}, "epoch": 9, "_timestamp": 1702664268.157601, "loss": 1.206424593925476, "accuracy": 0.707979142665863, "val_loss": 1.2738686800003052, "val_accuracy": 0.5349374413490295, "_runtime": 215.8263862133026, "_step": 9, "best_val_loss": 1.2174010276794434, "best_epoch": 8, "_wandb": {"runtime": 214}}