{"graph": {"_type": "graph-file", "sha256": "5d4e51ef1ec5f9aba582eb34c8e4e76f15548e97fdf88c28411b3f297b45023a", "size": 1286, "path": "media/graph/graph_summary_5d4e51ef1ec5f9aba582.graph.json"}, "epoch": 9, "_timestamp": 1702662493.614041, "loss": 0.6723175048828125, "accuracy": 0.7525390982627869, "val_loss": 0.8929126262664795, "val_accuracy": 0.7598186731338501, "_runtime": 396.42273902893066, "_step": 9, "best_val_loss": 0.8929126262664795, "best_epoch": 9, "_wandb": {"runtime": 405}}