{"graph": {"_type": "graph-file", "sha256": "5d4e51ef1ec5f9aba582eb34c8e4e76f15548e97fdf88c28411b3f297b45023a", "size": 1286, "path": "media/graph/graph_summary_5d4e51ef1ec5f9aba582.graph.json"}, "epoch": 9, "_timestamp": 1702663484.0739658, "loss": 0.7106831669807434, "accuracy": 0.7403011918067932, "val_loss": 1.11342453956604, "val_accuracy": 0.5350682139396667, "_runtime": 253.41224575042725, "_step": 9, "best_val_loss": 1.0722318887710571, "best_epoch": 5, "_wandb": {"runtime": 252}}