{"graph": {"_type": "graph-file", "sha256": "cc846d28969da375d93d3ce53cde146f8b94224ccf9823f4a0829c5cf8809295", "size": 1287, "path": "media/graph/graph_summary_cc846d28969da375d93d.graph.json"}, "epoch": 9, "_timestamp": 1702657186.1476583, "loss": NaN, "accuracy": 0.5326178669929504, "val_loss": NaN, "val_accuracy": 0.538027286529541, "_runtime": 1097.096536397934, "_step": 9, "_wandb": {"runtime": 1095}}