{"graph": {"_type": "graph-file", "sha256": "5d4e51ef1ec5f9aba582eb34c8e4e76f15548e97fdf88c28411b3f297b45023a", "size": 1286, "path": "media/graph/graph_summary_5d4e51ef1ec5f9aba582.graph.json"}, "epoch": 9, "_timestamp": 1702663768.8208518, "loss": 0.25814348459243774, "accuracy": 0.8784926533699036, "val_loss": 0.41634488105773926, "val_accuracy": 0.8382807970046997, "_runtime": 270.2214298248291, "_step": 9, "best_val_loss": 0.21727973222732544, "best_epoch": 7, "_wandb": {"runtime": 268}}