{"graph": {"_type": "graph-file", "sha256": "4885372323c4717d5cce1222e7a5d63b564c30cf5675bb0e51a2b580cf7a8644", "size": 1290, "path": "media/graph/graph_summary_4885372323c4717d5cce.graph.json"}, "epoch": 9, "_timestamp": 1702658033.360904, "loss": NaN, "accuracy": 0.5326178669929504, "val_loss": NaN, "val_accuracy": 0.538027286529541, "_runtime": 835.9453408718109, "_step": 9, "_wandb": {"runtime": 834}}