{"graph": {"_type": "graph-file", "sha256": "5d4e51ef1ec5f9aba582eb34c8e4e76f15548e97fdf88c28411b3f297b45023a", "size": 1286, "path": "media/graph/graph_summary_5d4e51ef1ec5f9aba582.graph.json"}, "epoch": 9, "_timestamp": 1702662942.4498003, "loss": 0.2710055112838745, "accuracy": 0.8793208599090576, "val_loss": 0.2760515511035919, "val_accuracy": 0.8809990882873535, "_runtime": 193.47185230255127, "_step": 9, "best_val_loss": 0.19395135343074799, "best_epoch": 2, "_wandb": {"runtime": 192}}