{"graph": {"_type": "graph-file", "sha256": "5d4e51ef1ec5f9aba582eb34c8e4e76f15548e97fdf88c28411b3f297b45023a", "size": 1286, "path": "media/graph/graph_summary_5d4e51ef1ec5f9aba582.graph.json"}, "epoch": 9, "_timestamp": 1702662721.8959646, "loss": 0.6091921329498291, "accuracy": 0.7758380174636841, "val_loss": 0.9872292280197144, "val_accuracy": 0.5350682139396667, "_runtime": 201.66170859336853, "_step": 9, "best_val_loss": 0.9872292280197144, "best_epoch": 9, "_wandb": {"runtime": 210}}