{"graph": {"_type": "graph-file", "sha256": "5d4e51ef1ec5f9aba582eb34c8e4e76f15548e97fdf88c28411b3f297b45023a", "size": 1286, "path": "media/graph/graph_summary_5d4e51ef1ec5f9aba582.graph.json"}, "epoch": 9, "_timestamp": 1702661752.6681948, "loss": 0.3654100000858307, "accuracy": 0.8462141752243042, "val_loss": 0.4090733528137207, "val_accuracy": 0.8523604273796082, "_runtime": 325.12918972969055, "_step": 9, "best_val_loss": 0.3214667737483978, "best_epoch": 8, "_wandb": {"runtime": 323}}