{"graph": {"_type": "graph-file", "sha256": "5d4e51ef1ec5f9aba582eb34c8e4e76f15548e97fdf88c28411b3f297b45023a", "size": 1286, "path": "media/graph/graph_summary_5d4e51ef1ec5f9aba582.graph.json"}, "epoch": 9, "_timestamp": 1702659549.942843, "loss": 0.2788758873939514, "accuracy": 0.8657861351966858, "val_loss": 0.22682181000709534, "val_accuracy": 0.8854888677597046, "_runtime": 246.5414810180664, "_step": 9, "best_val_loss": 0.22481438517570496, "best_epoch": 3, "_wandb": {"runtime": 245}}